Port_Name,also_known_as,opened_in,constructed_by,operated_by,owned_by,location,country,lat,lon,type_of_harbor,size_of_harbor,land_area,available_berths,wharfs,chairman,main_trades,major_exports,major_imports,source_name,source_url,source_date,state
Mandvi,,,,,,Gujrat,India,22.8227,69.3496,,,,,,,,,,,,,Gujarat
Navlakhi,,,,,,Gujrat,India,22.9574,70.4529,,,,,,,,,,,,,Gujarat
Bedi,,,,,,Gujrat,India,22.501430555555554,70.04363055555555,,,,,,,,,,,,,Gujarat
Sikka,,,,,,Gujrat,India,22.432180555555558,69.84158055555555,,,,,,,,,,,https://latitude.to/map/in/india/cities/sikka,,Gujarat
Jafarabad,,,,,,Gujrat,India,20.865555555555556,71.36388888888888,,,,,,,,,,,https://gmbports.org/jafrabad-port,,Gujarat
Okha,,,,,,Gujrat,India,22.4667,69.0833,,,,,,,,,,,https://www.google.com/url?sa=t&source=web&rct=j&opi=89978449&url=https://latitude.to/articles-by-country/in/india/132443/okha-port&ved=2ahUKEwjcqr_MttORAxUtTGwGHZ3mCioQFnoECC4QAQ&usg=AOvVaw3d_-C5gS7ORx6b8zp6o4hJ,,Gujarat
Porbandar,,,,,,Gujrat,India,21.6214,69.5887,,,,,,,,,,,,,Gujarat
Bhavnagar,,,,,,Gujrat,India,21.7669,72.2308,,,,,,,,,,,,,Gujarat
Bharuch,,,,,,Gujrat,India,21.712,72.993,,,,,,,,,,,,,Gujarat
Magdalla,,,,,,Gujrat,India,21.13888888888889,72.73555555555555,,,,,,,,,,,,,Gujarat
Koteshwar,,,,,,Gujrat,India,23.7,68.53,,,,,,,,,,,,,Gujarat
Jakhau,,,,,,Gujrat,India,23.24,68.61,,,,,,,,,,,,,Gujarat
Jodia,,,,,,Gujrat,India,22.7239,70.279,,,,,,,,,,,,,Gujarat
Salaya,,,,,,Gujrat,India,22.31,69.6,,,,,,,,,,,,,Gujarat
Pindhara,,,,,,Gujrat,India,22.3166,69.2333,,,,,,,,,,,,,Gujarat
Beyt,"Beyt Dwarka (or Bet Dwarka), ",,,,,Gujrat,India,22.449444444444445,69.11722222222221,a significant island port,,,,,,,,,,,,Gujarat
Rupen,,,,,,Gujrat,India,23.460833333333333,71.46666666666667,,,,,,,,,,,,,Gujarat
Mangrol ,,,,,,Gujrat,India,21.10888888888889,70.10694444444444,,,,,,,,,,,,,Gujarat
Madhawad,Madhavad,,,,,Gujrat,India,20.68983888888889,70.82705,,,,,,,,,,,,,Gujarat
Navabandar,,,,,,Gujrat,India,20.742222222222225,71.08138888888888,,,,,,,,,,,,,Gujarat
Rajpara,"Port Rajpara"" in Gujarat; you might be thinking of Navlakhi Port ",,,,,Gujrat,India,22.85,70.79,,,,,,,,,,,,,Gujarat
Mahuva,,,,,,Gujrat,India,21.07,72.15,,,,,,,,,,,,,Gujarat
Talaja,,,,,,Gujrat,India,21.7,72.1,,,,,,,,,,,,,Gujarat
Ghogha,,,,,,Gujrat,India,21.688055555555557,72.2761111111111,,,,,,,,,,,,,Gujarat
Dahej,,,,,,Gujrat,India,21.7132,72.5843,,,,,,,,,,,,,Gujarat
Bhagwa,,,,,,Gujrat,India,21.36,72.65,,,,,,,,,,,,,Gujarat
Onjal,,,,,,Gujrat,India,20.8234,72.8427,,,,,,,,,,,,,Gujarat
Vansi-Borsi ,,,,,,Gujrat,India,20.93,72.77,,,,,,,,,,,,,Gujarat
Billimora,,,,,,Gujrat,India,20.75,72.95,,,,,,,,,,,,,Gujarat
Valsad,,,,,,Gujrat,India,20.5,73.0833,,,,,,,,,,,,,Gujarat
Umarsadi,,,,,,Gujrat,India,20.51222222222222,72.89750000000001,,,,,,,,,,,,,Gujarat
Maroli,,,,,,Gujrat,India,21.0243434,72.8899466,,,,,,,,,,,https://mu.utc.city/1010362,,Gujarat
Umergaon,,,,,,Gujrat,India,20.174444444444447,72.76722222222222,,,,,,,,,,,,,Gujarat
Dahanu,,,,,,Maharashtra,India,19.9666,72.8,,,,,,,,,,,,,Maharashtra
Nawapur,,,,,,Maharashtra,India,21.1616527,73.7946403,,,,,,,,,,,,,Maharashtra
Satpati,Satpati is a significant fishing village located in the Palghar district,,,,,Maharashtra,India,19.725,72.7023,,,,,,,,,,,https://www.google.com/url?sa=t&source=web&rct=j&opi=89978449&url=https://shipoffer.vn/11378a0c-5d95-40e8-8237-bdb10f506739/port-information&ved=2ahUKEwj7kIOsvtWRAxX8XmwGHfpsIFYQFnoECBoQAQ&usg=AOvVaw0a0ZGQuaZiV26S0g8vMt8i,,Maharashtra
Arnala,(Arnala Fort/Island,,,,,Maharashtra,India,19.465833333333332,72.7325,,,,,,,,,,,,,Maharashtra
Datiware,JNPT (Nhava Sheva),,,,,Maharashtra,India,19.0,72.92,,,,,,,,,,,,,Maharashtra
Bhiwandi,,,,,,Maharashtra,India,19.29,73.05,,,,,,,,,,,https://www.google.com/url?sa=t&source=web&rct=j&opi=89978449&url=https://www.mapsofindia.com/lat_long/maharashtra/bhiwandi.html&ved=2ahUKEwjqzY3awtWRAxVK7jgGHRcNBFUQFnoECB8QAQ&usg=AOvVaw12VIB3H8drpyh4QvnBPMSG,,Maharashtra
Manori ,Manori Creek area,,,,,Maharashtra,India,19.2,72.8,,,,,,,,,,,,,Maharashtra
Kalyan,"Ulhas River, Thane District, Maharashtra.",,,,,Maharashtra,India,19.240000000000002,73.13,,,,,,,,,,,https://www.google.com/url?sa=t&source=web&rct=j&opi=89978449&url=https://www.latlong.net/poi/kalyan-473417&ved=2ahUKEwjC0d-9w9WRAxVQxDgGHZDtBFsQFnoECBwQAQ&usg=AOvVaw2Dhcb2utXaV6yyEm6f4xbN,,Maharashtra
Thane,"Thane Coast,"" ""Vasai Creek,"" or ""Palghar Maharashtra""",,,,,Maharashtra,India,19.5,72.8,,,,,,,,,,,"https://www.google.com/url?sa=i&source=web&rct=j&url=https://thane.nic.in/en/district-profile-new/%23:~:text%3DThane%2520District%2520forms%2520a%2520part,line%2520of%2520about%2520113%2520Kms.&ved=2ahUKEwjwwa3iw9WRAxWPyzgGHW7uGDYQqYcPegQIBhAC&opi=89978449&cd&psig=AOvVaw39sLkvJ9rQuHVChy9eTqGw&ust=1766641820156000",,Maharashtra
Versova,,,,,,Maharashtra,India,19.135094,72.813423,,,,,,,,,,,"https://www.google.com/url?sa=i&source=web&rct=j&url=https://en.wikipedia.org/wiki/Versova,_Mumbai%23:~:text%3DAdministratively%252C%2520Versova%2520(as%2520%2522Varsova,facing%2520the%2520former%2520Madh%2520Island.&ved=2ahUKEwjf1oDlzNWRAxWdxzgGHS1VDbEQqYcPegQIBBAC&opi=89978449&cd&psig=AOvVaw0Pk30ykPr7C9dM4v9_GVBr&ust=1766644241632000",,Maharashtra
Bandra,,,,,,Maharashtra,India,19.03,72.81,,,,,,,,,,,,,Maharashtra
Ulwa-Belapur,,,,,,Maharashtra,India,18.93,72.93,, ,,,,,,,,,,,Maharashtra
Panvel ,,,,,,Maharashtra,India,18.99,72.96,,,,,,,,,,,,,Maharashtra
More,Jawaharlal Nehru Port Trust (JNPT) --- Requires Validation,,,,,Maharashtra,India,18.9,72.9,,,,,,,,,,,,,Maharashtra
Mandwa,,,,,,Maharashtra,India,18.803055555555556,72.88194444444444,,,,,,,,,,,,,Maharashtra
Karanja,,,,,,Maharashtra,India,18.85,72.97,,,,,,,,,,,https://www.google.com/url?sa=t&source=web&rct=j&opi=89978449&url=https://www.latlong.net/place/karanja-maharashtra-india-21478.html&ved=2ahUKEwj7rKCDz9WRAxXUwjgGHXlaPVIQFnoECBUQAQ&usg=AOvVaw1zKCozvsv5Lg_LYuDndRBv,,Maharashtra
Rewas,,,,,,Maharashtra,India,18.875,72.968,,,,,,,,,,,https://www.google.com/url?sa=i&source=web&rct=j&url=https://www.google.com/viewer/place?mid%3D/g/11ny0p_365&ved=2ahUKEwj4tfe8z9WRAxWQzDgGHYpLGZkQqYcPegQIBhAC&opi=89978449&cd&psig=AOvVaw1s6MIhVBD0ciQ3O2bKaIjU&ust=1766644962900000,,Maharashtra
Alibag,,,,,,Maharashtra,India,18.6,72.8,,,,,,,,,,,,,Maharashtra
Dharamtar,"Dharamtar, Raigad, Maharashtra, India.",,,,,Maharashtra,India,18.7,73.02,,,,,,,,,,,"https://www.google.com/url?sa=i&source=web&rct=j&url=https://thefreight.net/port/dharamtar-indmt/%23:~:text%3DDharamtar%2520Port%2520(INDMT)%2520is%2520a%2520strategically%2520positioned,cargo%2520movements%2520in%2520the%2520Maharashtra%2520industrial%2520corridor.&ved=2ahUKEwjbp4iA0NWRAxVD7zgGHenDBeMQqYcPegQIBxAC&opi=89978449&cd&psig=AOvVaw09U9gUQRpKryDgqR9SzoHj&ust=1766645103686000",,Maharashtra
Revdanda,,,,,,Maharashtra,India,18.5375,72.92472222222223,,,,,,,,,,,,,Maharashtra
Borli/Mandla,Alibaug/Murud in Raigad District ----- Requires Validation,,,,,Maharashtra,India,18.0,73.0,,,,,,,,,,,,,Maharashtra
Nandgaon,,,,,,Maharashtra,India,19.773055555555555,72.68722222222223,,,,,,,,,,,,,Maharashtra
Murud-Janjira,,,,,,Maharashtra,India,18.299,72.964,,,,,,,,,,,,,Maharashtra
Mandad,Janjira Fort,,,,,Maharashtra,India,18.299916666666668,72.96441111111112,,,,,,,,,,,https://whc.unesco.org/en/tentativelists/6703/,,Maharashtra
Shriwardhan,,,,,,Maharashtra,India,18.05874,73.01043,,,,,,,,,,,https://bharatmap.in/map/maharashtra/raigad/shriwardhan.html,,Maharashtra
Bankot,,,,,,Maharashtra,India,18.95,72.933,,,,,,,,,,,,,Maharashtra
Kelshi,,,,,,Maharashtra,India,17.9224,73.0612,,,,,,,,,,,,,Maharashtra
Harnai,,,,,,Maharashtra,India,17.8134,73.0967,,,,,,,,,,,https://latlong.info/india/maharashtra/harnai,,Maharashtra
Dabhol,,,,,,Maharashtra,India,17.5512,73.1571,,,,,,,,,,,https://magicport.ai/ports/india/dabhol-port-indhp,,Maharashtra
Palshet,,,,,,Maharashtra,India,17.4411,73.2085,,,,,,,,,,,,,Maharashtra
Borya,,,,,,Maharashtra,India,19.4982,76.7279,, check maps,,,,,,,,,,,Maharashtra
Jaigad,,,,,,Maharashtra,India,17.2926,73.2238,,,,,,,,,,,https://mapcarta.com/W197357705,,Maharashtra
Tiwri-Varoda,,,,,,Maharashtra,India,21.4068,79.9309,,,,,,,,,,,https://www.latlong.net/place/tirora-maharashtra-india-10336.html,,Maharashtra
Purnagad,,,,,,Maharashtra,India,16.808,73.3149,,,,,,,,,,,https://en.wikipedia.org/wiki/Purnagad,,Maharashtra
Jaitapur,,,,,,Maharashtra,India,16.656,73.5178,,,,,,,,,,,https://indiamapia.com/Ratnagiri/Jaitapur.html,,Maharashtra
Vijaydurg,,,,,,Maharashtra,India,16.5557,73.3374,,,,,,,,,,,https://thefreight.net/port/vijaydurg-invyd/,,Maharashtra
Deogad,,,,,,Maharashtra,India,16.3735,73.3778,,,,,,,,,,,"https://www.findlatitudeandlongitude.com/l/Devgad,+Sindhudurg,+Maharashtra/1727312/",,Maharashtra
Achara,"Sindhudurg district , Coastal Port",,,,,Maharashtra,India,16.1908,73.449,,,,,,,,,,,,,Maharashtra
Malvan,,,,,,Maharashtra,India,16.057,73.42,,,,,,,,,,,,,Maharashtra
Niwti,,,,,,Maharashtra,India,15.95,73.55,,,,,,,,,,,,,Maharashtra
Vengurla,,,,,,Maharashtra,India,15.863,73.642,,,,,,,,,,,https://www.mapsofindia.com/lat_long/maharashtra/,,Maharashtra
Redi,,,,,,Maharashtra,India,15.95,73.7,,,,,,,,,,,,,Maharashtra
Kiranpani,,,,,,Maharashtra,India,16.1,73.45,,,,,,,,,,,,,Maharashtra
Ratnagiri,,,,,,Maharashtra,India,16.9833,73.3167,,,,,,,,,,,,,Maharashtra
Dighi,,,,,,Maharashtra,India,18.367,72.967,,,,,,,,,,,,,Maharashtra
Panaji,,,,,,Goa,India,15.4826,73.7996,,,,,,,,,,,https://magicport.ai/ports/india/panaji-port-inpan,,Goa
Chapora,,,,,,Goa,India,15.615,73.826,,,,,,,,,,,,,Goa
Betul,,,,,,Goa,India,15.303,73.989,,,,,,,,,,,https://www.latlong.net/place/panaji-goa-india-11732.html,,Goa
Talpona,,,,,,Goa,India,14.992,74.005,,,,,,,,,,,,,Goa
Tiracol,,,,,,Goa,India,15.713,73.821,,,,,,,,,,,,,Goa
Mangalore,,,,,,Karnataka,India,12.9273,74.8123,,,,,,,,,,,,,Karnataka
Malpe,,,,,,Karnataka,India,13.361,74.701,,,,,,,,,,,,,Karnataka
Hangarkatta,,,,,,Karnataka,India,13.45,74.72,,,,,,,,,,,,,Karnataka
Kundapur,,,,,,Karnataka,India,13.633,74.683,,,,,,,,,,,,,Karnataka
Bhatkal,,,,,,Karnataka,India,14.0,74.7,,,,,,,,,,,,,Karnataka
Honavar,,,,,,Karnataka,India,14.2798,74.4439,,,,,,,,,,,,,Karnataka
Tadri,,,,,,Karnataka,India,14.5833,74.3167,,,,,,,,,,,,,Karnataka
Belekeri,,,,,,Karnataka,India,14.6333,74.5,,,,,,,,,,,,,Karnataka
Karwar,,,,,,Karnataka,India,14.8333,74.1167,,,,,,,,,,,,,Karnataka
Padubidri,,,,,,Karnataka,India,13.1333,74.6333,,,,,,,,,,,,,Karnataka
Alappuzha,,,,,,Kerala,India,9.5,76.1667,,,,,,,,,,,http://kmb.kerala.gov.in/en/ports/alappuzha-port,,Kerala
Vadakara,,,,,,Kerala,India,11.8333,75.5833,,,,,,,,,,,,,Kerala
Kannur,,,,,,Kerala,India,11.8667,75.3833,,,,,,,,,,,,,Kerala
Kasargode,,,,,,Kerala,India,12.5,75.0,,,,,,,,,,,,,Kerala
Kodungallore,,,,,,Kerala,India,10.2167,76.2167,,,,,,,,,,,,,Kerala
Ponnani,,,,,,Kerala,India,10.7833,75.9167,,,,,,,,,,,,,Kerala
Thalassery,,,,,,Kerala,India,11.75,75.4833,,,,,,,,,,,,,Kerala
Thiruvananthapuram,,,,,,Kerala,India,8.4667,76.95,,,,,,,,,,,https://www.kmb.kerala.gov.in/en/ports/valiyathura-port,,Kerala
Quilon,,,,,,Kerala,India,8.8833,76.5667,,,,,,,,,,,,,Kerala
Kozhikode/Beypore,,,,,,Kerala,India,11.1667,75.7,,,,,,,,,,,,,Kerala
Neendakara,,,,,,Kerala,India,8.95,76.55,,,,,,,,,,,,,Kerala
Azhikkal,,,,,,Kerala,India,12.1833,75.1833,,,,,,,,,,,,,Kerala
Kovalam/Vizhinjam,,,,,,Kerala,India,8.3725,76.9986,,,,,,,,,,,https://en.wikipedia.org/wiki/Vizhinjam_International_Seaport_Thiruvananthapuram,,Kerala
